table_schema,table_name,ordinal_position,column_name,data_type,comment,value
datathon2024,anes_complication,1,patient_id,text,รหัสผู้ป่วย,
datathon2024,anes_complication,2,admit_id,text,รหัส admit,
datathon2024,anes_complication,3,ward,text,หอผู้ป่วย,
datathon2024,anes_complication,4,ordate,text,วันที่เข้าผ่าตัด,
datathon2024,anes_complication,5,type_oper,text,ช่วงที่เกิดภาวะแทรกซ้อน,"2 = Intera-op (ขณะผ่าตัด), 3 = RR (ห้องพักฟื้น) , 4 = Post Op. (หลังผ่าตัด)"
datathon2024,anes_complication,6,cname,text,ภาวะแทรกซ้อนที่เกิด,
datathon2024,anes_complication,7,date_set,text,วันเดือนปีที่บันทึก,
datathon2024,anes_complication,8,time_set,text,เวลาที่บันทึก,
datathon2024,anes_intra_op,1,patient_id,text,รหัสผู้ป่วย,
datathon2024,anes_intra_op,2,admit_id,text,รหัส admit,
datathon2024,anes_intra_op,3,ward,text,รหัสหอผู้ป่วย,
datathon2024,anes_intra_op,4,indate_or,text,วันเดือนปีเริ่มดมยา,
datathon2024,anes_intra_op,5,intime_or,text,เวลาเริ่มดมยา,
datathon2024,anes_intra_op,6,cptdate_or,text,วันเดือนปีสิ้นสุดดมยา,
datathon2024,anes_intra_op,7,cpttime_or,text,เวลาสิ้นสุดการดมยา,
datathon2024,anes_intra_op,8,other,text,ข้อมูลเวลาทั้งหมดที่ใช้ในการดมยา (Duration),
datathon2024,anes_intra_op,9,pname,text,การจัดท่าการผ่าตัด,
datathon2024,anes_intra_op,10,hct,text,ค่า Hematocrit,
datathon2024,anes_intra_op,11,abl,text,Acceptable blood loss (ค่าประมาณการเสียเลือดที่รับได้),
datathon2024,anes_intra_op,12,tsl,text,Total blood loss (ค่าประมาณการเสียเลือดจากการผ่าตัด),
datathon2024,anes_intra_op,13,intra_oper,text,วิธีการผ่าตัด,
datathon2024,anes_intra_op,14,intra_diag,text,การวินิจฉัย,
datathon2024,anes_physical_exam,1,patient_id,text,รหัสผู้ป่วย,
datathon2024,anes_physical_exam,2,admit_id,text,รหัส admit,
datathon2024,anes_physical_exam,3,ward,text,รหัสหอผู้ป่วย,
datathon2024,anes_physical_exam,4,ordate,text,วันที่เข้าผ่าตัด,
datathon2024,anes_physical_exam,5,psc_tmd,double,ข้อมูลตรวจร่างกาย Thyromental Distance,
datathon2024,anes_physical_exam,6,psc_icg,double,ข้อมูลตรวจร่างกาย Inter-incisor gap,
datathon2024,anes_physical_exam,7,mp_grade,double,ข้อมูลตรวจร่างกาย Mallampati grade,
datathon2024,anes_physical_exam,8,ulbt,double,ข้อมูลตรวจร่างกาย Upper lip bite test,
datathon2024,anes_physical_exam,9,psc_dental,text,ข้อมูลตรวจร่างกาย Dental Assessment,
datathon2024,anes_physical_exam,10,psc_fe,text,ข้อมูลตรวจร่างกาย Flexion Extention,
datathon2024,anes_physical_exam,11,asa,text,การประเมิน ASA classification,
datathon2024,anes_physical_exam,12,psc_ga,text,ข้อมูลตรวจร่างกาย General appearance,
datathon2024,anes_physical_exam,13,psc_consci,text,ข้อมูลตรวจร่างกาย Conciousness,
datathon2024,anes_physical_exam,14,psc_heent,text,ข้อมูลตรวจร่างกาย HEENT,
datathon2024,anes_physical_exam,15,psc_heart,text,ข้อมูลตรวจร่างกาย Heart,
datathon2024,anes_physical_exam,16,psc_lung,text,ข้อมูลตรวจร่างกาย Lung,
datathon2024,anes_physical_exam,17,psc_abdomen,text,ข้อมูลตรวจร่างกาย Abdomen,
datathon2024,anes_physical_exam,18,psc_extrem,text,ข้อมูลตรวจร่างกาย Extremities,
datathon2024,anes_physical_exam,19,date_set,text,วันเดือนปีที่บันทึก,
datathon2024,anes_physical_exam,20,time_set,text,เวลาที่บันทึก,
datathon2024,anes_problem_list,1,patient_id,text,รหัสผู้ป่วย,
datathon2024,anes_problem_list,2,admit_id,text,รหัส admit,
datathon2024,anes_problem_list,3,ward,text,รหัสหอผู้ป่วย,
datathon2024,anes_problem_list,4,ordate,text,วันที่เข้าผ่าตัด,
datathon2024,anes_problem_list,5,pname,text,ชื่อ Problem List,
datathon2024,anes_problem_list,6,date_set,text,วันเดือนปีที่บันทึก,
datathon2024,anes_problem_list,7,time_set,text,เวลาที่บันทึก,
datathon2024,anes_technique_of_anesthesia,1,patient_id,text,รหัสผู้ป่วย,
datathon2024,anes_technique_of_anesthesia,2,admit_id,text,รหัส admit,
datathon2024,anes_technique_of_anesthesia,3,ward,text,รหัสหอผู้ป่วย,
datathon2024,anes_technique_of_anesthesia,4,ordate,text,วันที่เข้าผ่าตัด,
datathon2024,anes_technique_of_anesthesia,5,tname,text,วิธีระงับความรู้สึก,
datathon2024,anes_technique_of_anesthesia,6,date_set,text,วันเดือนปีที่บันทึก,
datathon2024,anes_technique_of_anesthesia,7,time_set,text,เวลาที่บันทึก,
datathon2024,anes_technique_of_anesthesia,8,cname,text,ประเภทของการระงับความรู้สึก,
datathon2024,aqhi,1,DATETIMEDATA,text,วันที่ - เวลา รายงานผล,
datathon2024,aqhi,2,PM25,text,ค่า PM2.5,
datathon2024,aqhi,3,PM10,text,ค่า PM10,
datathon2024,aqhi,4,O3,text,ค่า Ozone,
datathon2024,aqhi,5,CO,text,ค่า Carbon monoxide,
datathon2024,aqhi,6,NO2,text,ค่า Nitrogen dioxide,
datathon2024,aqhi,7,SO2,text,ค่า Sulfur dioxide,
datathon2024,aqhi,8,WS,text,ค่า Wind Speed (ความเร็วลม),
datathon2024,aqhi,9,WD,text,ค่า Wind Direction (ทิศทางลม),
datathon2024,aqhi,10,TEMP,text,ค่า Temperature (อุณหภูมิ),
datathon2024,aqhi,11,RH,text,ค่า Humidity (ความชื้นสัมพัทธ์),
datathon2024,aqhi,12,BP,text,ค่าความกดอากาศ,
datathon2024,aqhi,13,RAIN,text,ค่าปริมาณน้ำฝน,
datathon2024,aqhi,14,stationID,text,รหัสสถานีตรวจวัด,
datathon2024,ca_registry,1,patient_id,text,รหัสผู้ป่วย,
datathon2024,ca_registry,2,multiple,text,จำนวนมะเร็งมากกว่า 1 ตำแหน่ง,"0 = None, 1 = Yes, 2 = No"
datathon2024,ca_registry,3,hiv,text,สถานะติดเชื้อ HIV ,"0 = None, 1 = Yes, 2 = No"
datathon2024,ca_registry,4,morcode,bigint,รหัส Morphology ชนิดมะเร็ง,
datathon2024,ca_registry,5,mor_description,text,ชื่อ Morphology มะเร็ง,
datathon2024,ca_registry,6,lateralitycode,text,รหัสตำแหน่งของมะเร็ง,
datathon2024,ca_registry,7,lateralityname,text,ชื่อตำแหน่งของมะเร็ง,
datathon2024,ca_registry,8,behaviourcode,text,รหัสลักษณะการเติบโตเซลล์มะเร็ง,
datathon2024,ca_registry,9,behaviourname,text,ลักษณะการเติบโตเซลล์มะเร็ง,
datathon2024,ca_registry,10,extendcode,text,รหัสการลุกลาม,
datathon2024,ca_registry,11,extendname,text,การลุกลาม,
datathon2024,ca_registry,12,gradecode,text,รหัสระดับการกลายพันธ์ุของเซลล์มะเร็ง,
datathon2024,ca_registry,13,gradename,text,ระดับการกลายพันธ์ุของเซลล์มะเร็ง,
datathon2024,ca_registry,14,topo,text,รหัสอวัยวะ,
datathon2024,ca_registry,15,organdesc,text,อวัยวะ,
datathon2024,ca_registry,16,icd10,text,รหัสโรค,
datathon2024,ca_registry,17,icd10_description,text,คำอธิบายรหัสโรค,
datathon2024,ca_registry,18,stagecode,text,รหัสระยะโรค,
datathon2024,ca_registry,19,stagename,text,ระยะโรค,
datathon2024,ca_registry,20,t,text,รหัสระยะโรค (ก้อนมะเร็ง),
datathon2024,ca_registry,21,t_name,text,ระยะโรค (ก้อนมะเร็ง),
datathon2024,ca_registry,22,n,text,รหัสระยะโรค (ต่อมน้ำเหลือง),
datathon2024,ca_registry,23,n_name,text,ระยะโรค (ต่อมน้ำเหลือง),
datathon2024,ca_registry,24,m,text,รหัสระยะโรค (การแพร่กระจาย),
datathon2024,ca_registry,25,m_name,text,ระยะโรค (การแพร่กระจาย),
datathon2024,ca_registry,26,met_lymph,text,การแพร่กระจาย (ต่อมน้ำเหลือง),
datathon2024,ca_registry,27,met_bone,text,การแพร่กระจาย (กระดูก),
datathon2024,ca_registry,28,met_liver,text,การแพร่กระจาย (ตับ),
datathon2024,ca_registry,29,met_lung,text,การแพร่กระจาย (ปอด),
datathon2024,ca_registry,30,met_brain,text,การแพร่กระจาย (สมอง),
datathon2024,ca_registry,31,met_peritoneum,text,การแพร่กระจาย (เยื่อบุช่องท้อง),
datathon2024,ca_registry,32,met_other,text,การแพร่กระจาย (อื่นๆ),
datathon2024,ca_registry,33,met_unknown,text,การแพร่กระจาย (ไม่ทราบ),
datathon2024,ca_registry,34,diagdetail,text,รายละเอียดการวินิจฉัย,
datathon2024,ca_registry,35,indate,text,วันที่บันทึกข้อมูล,
datathon2024,ca_registry,36,refertodiagdate,text,วันที่วินิจฉัยที่รพ.,
datathon2024,ca_registry,37,labtopo,bigint,Lab biomarker ,"1 = P16, 2 = KRAS, 3 = MMR, 4 = BRAF, 5 = EGFR, 6 = HER2, 7 = ER, 8 = PR, 9 = ALK"
datathon2024,ca_registry,38,posneg,text,ค่าของ Lab biomarker,"0 = None, 1 = Positive, 2 = Negative"
datathon2024,ca_registry,39,refertomethod,text,รหัสวิธีวินิจฉัย,
datathon2024,ca_registry,40,judgename,text,วิธีวินิจฉัย,
datathon2024,ca_registry,41,surgery,text,ผ่าตัด,
datathon2024,ca_registry,42,surgerystart,text,วันที่เริ่มผาตัด,
datathon2024,ca_registry,43,surgerystop,text,วันที่สิ้นสุดผ่าตัด,
datathon2024,ca_registry,44,radiation,text,รักษาโดยการฉายแสง,
datathon2024,ca_registry,45,radiationstart,text,วันที่เริ่มฉายแสง,
datathon2024,ca_registry,46,radiationstop,text,วันที่สิ้นสุดฉายแสง,
datathon2024,ca_registry,47,iodine,text,กลืน Iodine,
datathon2024,ca_registry,48,iodinestart,text,วันที่เริ่มกลืน Iodine,
datathon2024,ca_registry,49,iodinestop,text,วันที่สิ้นสุดกลืน Iodine,
datathon2024,ca_registry,50,chemo,text,รักษาโดยเคมีบำบัด,
datathon2024,ca_registry,51,chemostart,text,วันที่เริ่มเคมีบำบัด,
datathon2024,ca_registry,52,chemostop,text,วันที่สิ้นสุดเคมีบำบัด,
datathon2024,ca_registry,53,hormo,text,รักษาโดยยาฮอร์โมน,
datathon2024,ca_registry,54,hormostart,text,วันที่เริ่มยาฮอร์โมน,
datathon2024,ca_registry,55,hormostop,text,วันที่สิ้นสุดยาฮอร์โมน,
datathon2024,ca_registry,56,biorx,text,รักษาโดย Immunotherapy,
datathon2024,ca_registry,57,biorxstart,text,วันที่เริ่ม Immunotherapy,
datathon2024,ca_registry,58,biorxstop,text,วันที่สิ้นสุด Immunotherapy,
datathon2024,ca_registry,59,tace,text,รักษาโดย TACE,
datathon2024,ca_registry,60,tacestart,text,วันที่เริ่ม TACE,
datathon2024,ca_registry,61,tacestop,text,วันที่สิ้นสุด TACE,
datathon2024,ca_registry,62,target,text,รักษาโดยยามุ่งเป้า,
datathon2024,ca_registry,63,targetstart,text,วันที่เริ่มยามุ่งเป้า,
datathon2024,ca_registry,64,targetstop,text,วันที่สิ้นสุดยามุ่งเป้า,
datathon2024,ca_registry,65,radio,text,รักษาโดย radiofrequency ablation (RFA),
datathon2024,ca_registry,66,radiostart,text,วันที่เริ่ม radiofrequency ablation (RFA),
datathon2024,ca_registry,67,radiostop,text,วันที่สิ้นสุด radiofrequency ablation (RFA),
datathon2024,ca_registry,68,bone,text,รักษาโดย bone marrow transplantation,
datathon2024,ca_registry,69,bonestart,text,วันที่เริ่ม bone marrow transplantation,
datathon2024,ca_registry,70,bonestop,text,วันที่สิ้นสุด bone marrow transplantation,
datathon2024,ca_registry,71,other,text,การรักษาอื่นๆ,
datathon2024,ca_registry,72,otherstart,text,วันที่เริ่มการรักษาอื่นๆ,
datathon2024,ca_registry,73,otherstop,text,วันที่สิ้นสุดการรักษาอื่นๆ,
datathon2024,ca_registry,74,icd9cm,text,รหัสหัตถการ,
datathon2024,ca_registry,75,refertodate,text,วันที่ผู้ป่วยเข้ารับการรักษาที่รพ.,
datathon2024,ca_registry,76,referfromdate,text,วันที่ผู้ป่วยส่งตัวมา,
datathon2024,ca_registry,77,referfromdiagdate,text,วันที่วินิจฉัยจากโรงพยาบาลที่ส่งตัว,
datathon2024,ca_registry,78,referfrommethod,text,วิธีวินิจฉัยจากโรงพยาบาลที่ส่งตัว,
datathon2024,ca_registry,79,lifestatuscode,text,สถานะการมีชีวิต,"1 = ยังมีชีวิต, 2 = เสียชีวิต, 9 = ไม่ระบุ"
datathon2024,ca_registry,80,diedate,text,วันที่เสียชีวิต,
datathon2024,ca_registry,81,areacode,text,รหัสพื้นที่,
datathon2024,ca_registry,82,datefollowup,text,วันที่ติดตามสถานะล่าสุด,
datathon2024,ca_registry,83,deathdate,text,วันเสียชีวิต,
datathon2024,ca_registry,84,deathtime,text,เวลาเสียชีวิต,
datathon2024,chemotherapycenter,1,patient_id,text,รหัสผู้ป่วย,
datathon2024,chemotherapycenter,2,diag,text,รหัสการวินิจฉัย,
datathon2024,chemotherapycenter,3,cl_code,text,รหัส Counter ที่ส่งมา,
datathon2024,chemotherapycenter,4,c_rdate,text,วันที่ลงทะเบียน,
datathon2024,chemotherapycenter,5,c_rtime,text,เวลาลงทะเบียน,
datathon2024,chemotherapycenter,6,c_cdate,text,วันที Discharge,
datathon2024,chemotherapycenter,7,c_ctime,text,เวลา Discharge,
datathon2024,chemotherapycenter,8,pre_date,text,วันที่ผสมยาเคมี ( Check ข้อมูลของเภสัช ),
datathon2024,chemotherapycenter,9,time_pre,text,เวลาส่งการเตรียมยาให้เภสัชฯ,
datathon2024,chemotherapycenter,10,time_predis,text,เวลาเตรียมจำหน่ายผู้ป่วย,
datathon2024,chemotherapycenter,11,app_time,text,เวลานัด จากโปรแกรแกรมนัด,
datathon2024,chemotherapycenter,12,app_type,text,ประเภทการนัดหมาย,"N = Walk , Y = Appoint"
datathon2024,chemotherapycenter,13,status,text,สถานะ,"1 = ลงทะเบียน , 2 = รับบริการ , 3 = รอจำหน่าย , 4 = จำหน่าย"
datathon2024,chemotherapycenter,14,dis_type,text,ชนิดการจำหน่าย,"1= กลับบ้าน, 2 = Admit ,3 = ER"
datathon2024,dead_all,1,patient_id,text,รหัสผู้ป่วย,
datathon2024,dead_all,2,date_death,text,วันที่เสียชีวิต,
datathon2024,drug_chemotherapycenter,1,patient_id,text,รหัสผู้ป่วย,
datathon2024,drug_chemotherapycenter,2,c_rdate,text,วันที่ลงทะเบียน,
datathon2024,drug_chemotherapycenter,3,c_rtime,text,เวลาลงทะเบียน,
datathon2024,drug_chemotherapycenter,4,date_meal,text,วันที่พยาบาลจ่ายยา,
datathon2024,drug_chemotherapycenter,5,begt_meal,text,เวลาจ่ายยา,
datathon2024,drug_detail,1,drug_code,text,รหัสยา,
datathon2024,drug_detail,2,drug_name,text,ชื่อยา,
datathon2024,drug_detail,3,generic,text,ชื่อสามัญของยา,
datathon2024,drug_detail,4,ppu,double,ราคาขาย,
datathon2024,drug_detail,5,unit,text,หน่วยนับการจัดยา,
datathon2024,drug_detail,6,cmt,text,ยาเคมีบำบัด,"y = ใช่, n = ไม่"
datathon2024,drug_detail,7,atb,text,ยาปฏิชีวนะ,"y = ใช่, n = ไม่"
datathon2024,drug_ipdmedication,1,patient_id,text,รหัสผู้ป่วย,
datathon2024,drug_ipdmedication,2,admit_id,text,รหัส admit,
datathon2024,drug_ipdmedication,3,n_ward,text,ชื่อหอผู้ป่วย,
datathon2024,drug_ipdmedication,4,ward_meal,text,รหัสหอผู้ป่วย,
datathon2024,drug_ipdmedication,5,date_ord,text,วันที่แพทย์สั่งยา,
datathon2024,drug_ipdmedication,6,date_meal,text,วันที่พยาบาลจ่ายยา,
datathon2024,drug_ipdmedication,7,time_meal,text,เวลาจ่ายยา,
datathon2024,drug_ipdmedication,8,drug_name,text,ชื่อยา,
datathon2024,drug_ipdmedication,9,drug_code,double,รหัสยา,
datathon2024,drug_ipdmedication,10,drug_meal,double,จำนวน,
datathon2024,drug_ipdmedication,11,unit_meal,text,หน่วยนับ,
datathon2024,drug_medication_chemotherapy,1,patient_id,text,รหัสผู้ป่วย,
datathon2024,drug_medication_chemotherapy,2,cn,double,ครั้งที่รับบริการศูนย์ให้ยา,
datathon2024,drug_medication_chemotherapy,3,date_meal,text,วันที่พยาบาลจ่ายยา,
datathon2024,drug_medication_chemotherapy,4,drug_code,double,รหัสยา,
datathon2024,drug_medication_chemotherapy,5,drug_name,text,ชื่อยา,
datathon2024,drug_medication_chemotherapy,6,drug_meal,double,จำนวน,
datathon2024,drug_medication_chemotherapy,7,unit_meal,text,หน่วยนับ,
datathon2024,drug_medication_chemotherapy,8,type_name,text,วิธีใช้ยา,
datathon2024,drug_medication_chemotherapy,9,reason,text,หมายเหตุ,
datathon2024,drug_mes_disp_opd,1,patient_id,text,รหัสผู้ป่วย,
datathon2024,drug_mes_disp_opd,2,disp_date,text,วันที่สั่งยา,
datathon2024,drug_mes_disp_opd,3,lane,double,ช่องรับยา,
datathon2024,drug_mes_disp_opd,4,daily_no,double,ลำดับรายการยา,
datathon2024,drug_mes_disp_opd,5,c_opd,text,รหัสคลินิกที่สั่งยา,
datathon2024,drug_mes_disp_opd,6,disp_no,text,รหัส Dispensing,
datathon2024,drug_mes_disp_opd,7,disp_input_date,text,วันที่บันทึก Dispensing error,
datathon2024,drug_mes_disp_opd,8,old_drug_code,text,รหัสยาที่แก้ไข,
datathon2024,drug_mes_disp_opd,9,old_drug_amt,double,จำนวนยาที่แก้ไข,
datathon2024,drug_mes_disp_opd,10,drug_code,text,รหัสยา,
datathon2024,drug_mes_disp_opd,11,drug_amt,double,จำนวนยา,
datathon2024,drug_mes_disp_opd,12,disp_type,text,รหัสประเภทการเกิด Dispensing error ,"1 = ผิดชื่อยา, 2 = ผิดจำนวนยา, 3 = ผิดชื่อยาและจำนวนยา, 4 = ยาปะปน, 5 = ผิดชื่อ-สกุลผู้ป่วย, 
6 = ผิดวิธีใช้, 7 = ผิดชื่อ-สกุลผู้ป่วยและผิดชื่อยา, 8 = ผิดชื่อ-สกุลผู้ป่วยและผิดจำนวนยา, 
9 = ผิดชื่อ-สกุลผู้ป่วยและผิดชื่อยาและจำนวนยา, 10 = ผิดชื่อ-สกุลผู้ป่วยและผิดวิธีใช้, 
11 = ผู้ป่วยมีประวัติแพ้ยาในระบบ HIS, 0 = อื่นๆ"
datathon2024,drug_mes_disp_opd,13,disp_type_other,text,รหัสประเภทการเกิด Dispensing error อื่นๆ,
datathon2024,drug_mes_disp_opd,14,disp_cause,text,รหัสเหตุผลการเกิด Dispensing error,"1 = ยามีหลายขนาด / ความแรง, 2 = ยามีลักษณะเม็ด / แผง / สี / ขนาดคล้ายกัน, 
3 = ยามีรูปร่างของบรรจุภัณฑ์คล้ายกัน, 4 = ยามีหลายรูปแบบ, 
5 = ยามีชื่อสะกด / อ่านออกเสียงคล้ายกัน, 0 = อื่นๆ"
datathon2024,drug_mes_disp_opd,15,disp_cause_other,text,รหัสเหตุผลการเกิด Dispensing error อื่นๆ,
datathon2024,drug_mes_disp_opd,16,disp_drug_use,text,สถานะผู้ป่วยใช้ยาหรือยัง,"Y = ใช่, N = ไม่"
datathon2024,drug_mes_disp_opd,17,st_date,text,วันที่จ่ายยา,
datathon2024,drug_mes_disp_opd,18,st_time,text,เวลาที่จ่ายยา,
datathon2024,drug_mes_disp_opd,19,drps_type,text,รหัส Hospital Risk Code,"M21 = จ่ายยาผิดชนิด,
M22 = จ่ายยาผิดความแรง,
M23 = จ่ายยาผิดรูปแบบ, 
M24 = จ่ายยาขนาดยาผิด/ไม่เหมาะสม,
M25 = จ่ายยาผิดคน,
M26 จ่ายยาผิดจำนวน, 
M27 = จ่ายยาที่ระบุวิธีใช้ผิด,
M28 = จ่ายยาซ้ำซ้อน, 
M29 = จ่ายยาที่เกิด/เสี่ยงต่อการเกิด Drug/Disease/Dietary interaction
M210 = จ่ายยาที่ผู้ป่วยทีประวัติแพ้ยาหรือเสี่ยงต่อการแพ้สูง, 
M211 = ไม่ได้จ่ายยา/จ่ายยาไม่ครบตามรายการที่แพทย์สั่ง,
M212 = จ่ายสารน้ำผิดชนิด/อัตราส่วนผสมยา ไม่ถูกต้อง ไม่ชัดเจน
M213 = จ่ายยาผิดข้อบ่งชี้/ไม่มีข้อบ่งชี้ ณ เวลานั้น, 
M214 = จ่ายยาที่ผู้ป่วยมีข้อห้ามใช้/มีภาวะเสี่ยงต่อความไม่ปลอดภัยจากการใช้ยา,
M215 = จ่ายยาปะปน, M216 = จ่ายยาที่ภาชนะบรรจุไม่เหมาะสม,
M217 = จ่ายยาเสื่อมสภาพ/หมดอายุ,
M218 = จ่ายยาผิดหน่วยงาน
M200 = อื่นๆ"
datathon2024,drug_mes_disp_opd,20,drps_type_other,text,รายละเอียด DRPs,
datathon2024,drug_mes_disp_opd,21,sub_type,text,รหัส Sub type,"M24ก = ขนาดมากไป, M24ข = ขนาดน้อยไป, M26ก = จำนวนมากไป, M26ข = จำนวนน้อยไป,
M210ก = มีประวัติในระบบก่อนจ่าย, M210ข = ไม่มีประวัติในระบบ"
datathon2024,drug_mes_disp_opd,22,sub_type_other,text,รายละเอียด Sub type,
datathon2024,drug_mes_disp_opd,23,disp_reporter,text,รหัสประเภทผู้แจ้งการเกิด Dispensing error ,"1 = แพทย์, 2 = พยาบาล, 3 = เภสัชกร, 4 = ผู้ป่วย, 0 = อื่นๆ"
datathon2024,drug_mes_disp_opd,24,disp_reporter_other,text,ประเภทผู้แจ้งการเกิด Dispensing error,
datathon2024,drug_mes_disp_opd,25,analyse_severity,text,"รหัส Severity (B , C , D , E ,F)",
datathon2024,drug_mes_predisp_opd,1,patient_id,text,รหัสผู้ป่วย,
datathon2024,drug_mes_predisp_opd,2,disp_date,text,วันที่สั่งยา,
datathon2024,drug_mes_predisp_opd,3,lane,double,ช่องรับยา,
datathon2024,drug_mes_predisp_opd,4,daily_no,double,ลำดับรายการยา,
datathon2024,drug_mes_predisp_opd,5,c_opd,text,รหัสคลินิกที่สั่งยา,
datathon2024,drug_mes_predisp_opd,6,predisp_no,text,รหัส Pre-Dispensing,
datathon2024,drug_mes_predisp_opd,7,predisp_input_date,text,วันที่บันทึก Pre-Dispensing error ,
datathon2024,drug_mes_predisp_opd,8,old_drug_code,text,รหัสยาที่แก้ไข,
datathon2024,drug_mes_predisp_opd,9,old_drug_amt,double,จำนวนยาที่แก้ไข,
datathon2024,drug_mes_predisp_opd,10,drug_code,text,รหัสยา,
datathon2024,drug_mes_predisp_opd,11,drug_amt,double,จำนวนยา,
datathon2024,drug_mes_predisp_opd,12,predisp_type,text,รหัสประเภทการเกิด Pre-Dispensing error ,"1 = ผิดชื่อยา, 2 = ผิดจำนวนยา, 3 = ผิดชื่อยาและจำนวนยา, 4 = ยาปะปน, 5 = ผิดความแรงของยา,
6 = ผิดรูปแบบของยา, 7 = ผิดขนาด, 0 = อื่นๆ "
datathon2024,drug_mes_predisp_opd,13,predisp_type_other,text,รหัสประเภทการเกิด Pre-Dispensing error อื่นๆ,
datathon2024,drug_mes_predisp_opd,14,predisp_cause,text,รหัสเหตุผลการเกิด Pre-Dispensing error,"1 = ยามีหลายขนาด / ความแรง, 2 = ยามีลักษณะเม็ด / แผง / สี / ขนาดคล้ายกัน,
3 = ยามีรูปร่างของบรรจุภัณฑ์คล้ายกัน, 4 = ยามีหลายรูปแบบ, 
5 = ยามีชื่อสะกด / อ่านออกเสียงคล้ายกัน, 0 = อื่นๆ "
datathon2024,drug_mes_predisp_opd,15,predisp_cause_other,text,รหัสเหตุผลการเกิด Pre-Dispensing error อื่นๆ,
datathon2024,drug_mes_predisp_opd,16,analyse_lasa,text,พบข้อมูลคู่ LASA,"0 = yes,1 = no"
datathon2024,drug_mes_predisp_opd,17,predisp_input_time,text,เวลาที่บันทึก Pre-Dispensing error,
datathon2024,drug_mes_pres_opd,1,patient_id,text,รหัสผู้ป่วย,
datathon2024,drug_mes_pres_opd,2,pres_no,text,รหัสใบ Prescibing,
datathon2024,drug_mes_pres_opd,3,disp_date,text,วันที่สั่งยา,
datathon2024,drug_mes_pres_opd,4,beg_time,text,เวลาสั่งยา,
datathon2024,drug_mes_pres_opd,5,lane,double,ช่องรับยา,
datathon2024,drug_mes_pres_opd,6,daily_no,double,ลำดับรายการยา,
datathon2024,drug_mes_pres_opd,7,c_opd,text,รหัสคลินิกที่สั่งยา,
datathon2024,drug_mes_pres_opd,8,drug_code,text,รหัสยา,
datathon2024,drug_mes_pres_opd,9,drug_amt,double,จำนวนยา,
datathon2024,drug_mes_pres_opd,10,pres_type,text,ประเภท error Prescribing,"1 = ชื่อยา/ความแรง/รูปแบบ, 2 = ขนาดยา(dose), 3 = ผิดชื่อผู้ป่วย, 4 = จำนวนยา, 5 = วิธีใช้,
6 = ยาซ้ำซ้อน, 7 = Interaction, 8 = มีประวัติแพ้ยา, 0 = อื่นๆ (ระบุ)"
datathon2024,drug_mes_pres_opd,11,pres_other,text,ประเภท error Prescribing อื่นๆ,
datathon2024,drug_mes_pres_opd,12,pres_input_date,text,วันทีบันทึก,
datathon2024,drug_mes_pres_opd,13,pres_input_time,text,เวลาที่บันทึก,
datathon2024,drug_mes_pres_opd,14,pres_confirm_type,text,ผลการ Confirm,"1 = แพทย์แก้ไข, 2 = ยืนยันเหตุผล(ถ้ามี), 0 = อื่นๆ"
datathon2024,drug_mes_pres_opd,15,drps_type,text,รหัส Hospital Risk Code,"M11 = สั่งยาผิดชนิด,
M12 = ระบุความแรงยาผิด/ไม่ระบุ/ไม่เหมาะสม,
M13 = ระบุรูปแบบของยาผิด/ไม่ระบุ/ไม่เหมาะสม,
M14 = สั่งขนาดยาผิด/ไม่เหมาะสม,
M15 = สั่งยาผิดคน/ระบุชื่อคนไข้ผิด,
M16 = ระบุจำนวนยาผิด/ไม่เหมาะสม/(มากไป/น้อยไป),
M17 = สั่งวิธีการใช้ยาผิด/ไม่ระบุ/ไม่ชัดเจน/ไม่สมบูรณ์/ระบุวันเดือนปีที่ผ่านมา,
M18 = สั่งยาซ้ำซ้อน(ชนิดหรือกลุ่มเดียวกัน),
M19 = สั่งยาที่เกิด/เสี่ยงต่อการเกิด Drug/Disease/Dietary interaction,
M110 = สั่งยาที่ผู้ป่วยเคยแพ้หรือเสี่ยงต่อการแพ้สูง,
M111 = ไม่ได้สั่งยาที่ผู้ป่วยสมควรได้รับ,
M112 = สั่งสารน้ำผิดชนิด/อัตราส่วนผสมยาไม่ถูกต้อง ไม่ชัดเจน,
M113 = ผิดข้อบ่งชี้/ไม่มีข้อบ่งชี้ ณ เวลานั้น,
M114 = สั่งยาที่ผู้ป่วยมีข้อห้ามใช้มีภาวะเสี่ยงต่อความไม่ปลอดภัยจากการใช้ยา,
M100 = อื่นๆ"
datathon2024,drug_mes_pres_opd,16,drps_type_other,text,รายละเอียด DRPs อื่นๆ,
datathon2024,drug_mes_pres_opd,17,sub_type,text,รหัส Sub type (รหัสมาจากข้อมูลเฉพาะของเภสัช),"M14ก = ขนาดยามากไป/ระยะเวลาใช้นานไป,
M14ข = ขนาดยาน้อยไป/ระยะเวลาใช้น้อยไป,
M14ค = อื่นๆ,
M16ก = จำนวนมากไป,
M16ข = จำนวนน้อยไป,
M110ก = มีประวัติในระบบก่อนการสั่ง,
M110ข = ไม่มีประวัติในระบบ,
M110ค = อื่นๆ"
datathon2024,drug_mes_pres_opd,18,sub_type_other,text,รายละเอียด Sub type,
datathon2024,drug_mes_pres_opd,19,pres_cause,text,เลือก Severity,"A = ไม่มีความคลาดเคลื่อนเกิดขึ้นแต่มีเหตุการณ์ที่อาจทำให้เกิดความคลาดเคลื่อนได้,
B = มีความคลาดเคลื่อนเกิดขึ้นแต่ไม่เป็นอันตรายต่อผู้ป่วยเนื่องจากความคลาดเคลื่อนไปไม่ถึงผู้ป่วย,
C = มีความคลาดเคลื่อนเกิดขึ้นแต่ไม่เป็นอันตรายต่อผู้ป่วยถึงแม้ว่าความคลาดเคลื่อนนั้นไปถึงผู้ป่วยแล้ว,
D = มีความคลาดเคลื่อนเกิดขึ้นแต่ไม่เป็นอันตรายต่อผู้ป่วยแต่ยังจำเป็นต้องมีการติดตามผู้ป่วยเพิ่มเติม ,
E = มีความคลาดเคลื่อนเกิดขึ้นและเป็นอันตรายต่อผู้ป่วยเพียงชั่วคราวรวมถึงจำเป็นต้องได้รับการรักษา
หรือแก้ไขเพิ่มเติม,
F = มีความคลาดเคลื่อนเกิดขึ้นและเป็นอันตรายต่อผู้ป่วยเพียงชั่วคราวรวมถึงจำเป็นต้องได้รับการรักษา
ในโรงพยาบาลหรือยืดระยะเวลาในการรักษาตัวในโรงพยาบาลออกไป, 
G = มีความคลาดเคลื่อนเกิดขึ้นและเป็นอันตรายต่อผู้ป่วยถาวร,
H = มีความคลาดเคลื่อนเกิดขึ้นและเป็นอันตรายต่อผู้ป่วยจนเกือบถึงแก่ชีวิต,
I = มีความคลาดเคลื่อนเกิดขึ้น และเป็นอันตรายต่อผู้ป่วยจนถึงแก่ชีวิต"
datathon2024,drug_mes_pres_opd,20,pres_cause_other,text,เหตุผลอื่นๆ,
datathon2024,drug_mes_pres_opd,21,press_location,text,สถานที่แจ้งPrescibing,"1 = เภสัชกร งานบริการ,
2 = งานผลิต,
3 = Pharmcare,
4 = แพทย์,
5 = พยาบาล,
6 = เภสัชกร Verify"
datathon2024,drug_opdmedication,1,patient_id,text,รหัสผู้ป่วย,
datathon2024,drug_opdmedication,2,u_name,text,ชื่อคลินิค,
datathon2024,drug_opdmedication,3,disp_date,text,วันที่แพทย์สั่งยา,
datathon2024,drug_opdmedication,4,date_meal,text,วันที่พยาบาลจ่ายยา,
datathon2024,drug_opdmedication,5,begt_meal,text,เวลาจ่ายยา,
datathon2024,drug_opdmedication,6,drug_name,text,ชื่อยา,
datathon2024,drug_opdmedication,7,drug_code,double,รหัสยา,
datathon2024,drug_opdmedication,8,drug_meal,double,จำนวน,
datathon2024,drug_opdmedication,9,unit_meal,text,หน่วยนับ,
datathon2024,ipd_admit,1,patient_id,text,รหัสผู้ป่วย,
datathon2024,ipd_admit,2,admit_id,text,รหัส admit,
datathon2024,ipd_admit,3,adm_d,text,วันที่ Admit,
datathon2024,ipd_admit,4,adm_t,text,เวลาที่ Admit,
datathon2024,ipd_admit,5,disc_d,text,วันที่ Discharge,
datathon2024,ipd_admit,6,disc_t,text,เวลาที่ Admit,
datathon2024,ipd_admit,7,pt_name,text,สิทธิ์การรักษา,
datathon2024,ipd_death,1,patient_id,text,รหัสผู้ป่วย,
datathon2024,ipd_death,2,admit_id,text,รหัส admit,
datathon2024,ipd_death,3,ward,text,รหัสหอผู้ป่วย,
datathon2024,ipd_death,4,date_death,text,วันที่เสียชีวิต,
datathon2024,ipd_death,5,deathtime,text,เวลาที่เสียชีวิต,
datathon2024,ipd_death,6,a_cause,text,สาเหตุการตายหลัก,
datathon2024,ipd_death,7,b_cause,text,สาเหตุการตายรองที่ 1,
datathon2024,ipd_death,8,c_cause,text,สาเหตุการตายรองที่ 2,
datathon2024,ipd_death,9,d_cause,text,สาเหตุการตายรองที่ 3,
datathon2024,ipd_death,10,oth_cause_a,text,สาเหตุการตายอื่นที่ 1,
datathon2024,ipd_death,11,oth_cause_b,text,สาเหตุการตายอื่นที่ 2,
datathon2024,ipd_death,12,code_death,text,รหัสการตาย,"01 = โดยธรรมชาติ, 02 = ถูกทำร้าย, 03 = ไม่สามารถระบุได้, 04 = อุบัติเหตุ, 05 = อยู่ระหว่างสอบสวน, 06 = ฆ่าตัวตาย"
datathon2024,ipd_death,13,injury,text,คำอธิบายว่าเกิดจากอะไร,
datathon2024,ipd_doctnote,1,patient_id,text,รหัสผู้ป่วย,
datathon2024,ipd_doctnote,2,admit_id,text,รหัส admit,
datathon2024,ipd_doctnote,3,d_doct,text,วันที่แพทย์สั่ง Order,
datathon2024,ipd_doctnote,4,t_doct,text,เวลาที่แพทย์สั่ง Order,
datathon2024,ipd_doctnote,5,d_nurse,text,วันที่พยาบาลรับ Order,
datathon2024,ipd_doctnote,6,t_nurse,text,เวลาที่พยาบาลรับ Order,
datathon2024,ipd_doctnote,7,h_type,text,ประเภทข้อความ Order,"O = Order for One Day,  C = Order for Continuation"
datathon2024,ipd_doctnote,8,h_text,text,ข้อความ Order,
datathon2024,ipd_doctnote,9,d_udoct,text,วันที่แพทย์สั่ง Off Order,
datathon2024,ipd_doctnote,10,t_udoct,text,เวลาที่แพทย์สั่ง Off Order,
datathon2024,ipd_doctnote,11,d_unurse,text,วันที่พยาบาลรับ Off Order,
datathon2024,ipd_doctnote,12,t_unurse,text,เวลาที่พยาบาลรับ Off Order,
datathon2024,ipd_doctnote,13,gentype,text,เครื่องช่วยหายใจ,Order = 1 ใส่เครื่องช่วยหายใจ
datathon2024,ipd_icd10,1,patient_id,text,รหัสผู้ป่วย,
datathon2024,ipd_icd10,2,admit_id,text,รหัส admit,
datathon2024,ipd_icd10,3,icd10,text,รหัสโรคหลัก,
datathon2024,ipd_icd9,1,patient_id,text,รหัสผู้ป่วย,
datathon2024,ipd_icd9,2,admit_id,text,รหัส admit,
datathon2024,ipd_icd9,3,icd9,text,รหัสหัตถการ,
datathon2024,ipd_intake,1,patient_id,text,รหัสผู้ป่วย,
datathon2024,ipd_intake,2,admit_id,text,รหัส admit,
datathon2024,ipd_intake,3,sdate,text,วันที่บันทึก,
datathon2024,ipd_intake,4,solution,text,สารน้ำที่ให้,
datathon2024,ipd_intake,5,sname,text,ชื่อทางที่ให้สารน้ำ,
datathon2024,ipd_intake,6,uptime,text,เวลาที่ให้สารน้ำ,
datathon2024,ipd_intake,7,upamt,double,ปริมาณที่ให้,
datathon2024,ipd_intake,8,intime,text,เวลาที่ได้รับ,
datathon2024,ipd_intake,9,inamt,double,สารน้ำที่ได้รับ,
datathon2024,ipd_intake,10,numin,double,จำนวนครั้ง,
datathon2024,ipd_intake,11,offintake,text,หมายเหตุอื่นๆ,
datathon2024,ipd_nurse_record,1,patient_id,text,รหัสผู้ป่วย,
datathon2024,ipd_nurse_record,2,admit_id,text,รหัส admit,
datathon2024,ipd_nurse_record,3,rec_date,text,วันที่บันทึกข้อมูล,
datathon2024,ipd_nurse_record,4,rec_time,text,เวลาที่บันทึกข้อมูล,
datathon2024,ipd_nurse_record,5,period,text,เวร,"M = เช้า 08.00-16.00, A = บ่าย 16.00-24.00, N = ดึก 00.00-08.00"
datathon2024,ipd_nurse_record,6,ward,text,รหัสหอผู้ป่วย,
datathon2024,ipd_nurse_record,7,rec_type,text,สถานะการรับ/เข้า ward,"N = รับเข้า, F = รับย้าย, D = Discharge, T = ย้ายออก, L = ลากลับบ้าน, E = เสียชีวิต, O = ยอดยกไปตามพลัด"
datathon2024,ipd_output,1,patient_id,text,รหัสผู้ป่วย,
datathon2024,ipd_output,2,admit_id,text,รหัส admit,
datathon2024,ipd_output,3,sdate,text,วันที่บันทึก,
datathon2024,ipd_output,4,stime,text,เวลาเริ่มต้นที่สารน้ำออก,
datathon2024,ipd_output,5,etime,text,เวลาสิ้นสุดที่สารน้ำออก,
datathon2024,ipd_output,6,outtype,double,รหัสประเภทสารน้ำที่ออก,
datathon2024,ipd_output,7,sname,text,ชื่อประเภทสารน้ำที่ออก,
datathon2024,ipd_output,8,subouttype,text,ประเภทย่อยสารน้ำที่ออก,
datathon2024,ipd_output,9,amt,double,ปริมาณที่ออก,
datathon2024,ipd_output,10,u_no,double,จำนวนครั้ง,
datathon2024,ipd_summary_discharge,1,patient_id,text,รหัสผู้ป่วย,
datathon2024,ipd_summary_discharge,2,admit_id,text,รหัส admit,
datathon2024,ipd_summary_discharge,3,main_condition,text,โรคหลัก,
datathon2024,ipd_summary_discharge,4,comorbidity,text,โรคร่วม,(ขั้นข้อมูลด้วย |)
datathon2024,ipd_summary_discharge,5,complication,text,โรคแทรกซ้อน,(ขั้นข้อมูลด้วย |)
datathon2024,ipd_summary_discharge,6,other_diagnosis,text,คำวินิจฉัยอื่น ๆ,(ขั้นข้อมูลด้วย |)
datathon2024,ipd_summary_discharge,7,external_cause_of_injury,text,ปัจจัยภายนอกที่ทำให้บาดเจ็บ,(ขั้นข้อมูลด้วย |)
datathon2024,ipd_summary_discharge,8,treatres,text,ผลการรักษา,
datathon2024,ipd_vitalsigns,1,patient_id,text,รหัสผู้ป่วย,
datathon2024,ipd_vitalsigns,2,admit_id,text,รหัส admit,
datathon2024,ipd_vitalsigns,3,sdate,text,วันที่บันทึก,
datathon2024,ipd_vitalsigns,4,stime,text,เวลาที่บันทึก,
datathon2024,ipd_vitalsigns,5,temp,double,อุณหภูมิ,
datathon2024,ipd_vitalsigns,6,pulse,double,ชีพจร,
datathon2024,ipd_vitalsigns,7,rr,double,อัตราการหายใจ,
datathon2024,ipd_vitalsigns,8,sbp,double,ความดัน Systolic,
datathon2024,ipd_vitalsigns,9,dbp,double,ความดัน Diastolic,
datathon2024,ipd_vitalsigns,10,pain,text,คะแนนความปวด,
datathon2024,ipd_vitalsigns,11,sedation,text,Sedation score,
datathon2024,ipd_vitalsigns,12,oxygen,text,การใช้ Oxygen,
datathon2024,ipd_vitalsigns,13,osat,bigint,ระดับ Oxygen saturation,
datathon2024,ipd_vitalsigns,14,conscious,text,Conciousness,
datathon2024,ipd_vitalsigns,15,newscore,double,NEWS score,
datathon2024,ipd_weight_height,1,patient_id,text,รหัสผู้ป่วย,
datathon2024,ipd_weight_height,2,admit_id,text,รหัส admit,
datathon2024,ipd_weight_height,3,sdate,text,วันที่บันทึก,
datathon2024,ipd_weight_height,4,weight,text,น้ำหนัก,
datathon2024,ipd_weight_height,5,height,text,ส่วนสูง,
datathon2024,lab_ap_result,1,patient_id,text,รหัสผู้ป่วย,
datathon2024,lab_ap_result,2,sp,text,รหัสอ้างอิงผลการทดสอบ,
datathon2024,lab_ap_result,3,date_rq,text,วันที่ส่งคำสั่งทำ lab,
datathon2024,lab_ap_result,4,date_rp,text,วันที่รายงานผล,
datathon2024,lab_ap_result,5,organ_a,text,อวัยวะที่เกี่ยวข้องกับผลการทดสอบ,
datathon2024,lab_ap_result,6,organ_detail,text,รายละเอียดเพิ่มเติมเกี่ยวกับอวัยวะที่เกี่ยวข้องกับผลการทดสอบ,
datathon2024,lab_ap_result,7,diag_a,text,ชื่อของการวินิจฉัย (Diagnosis) ของตัวอย่าง A,
datathon2024,lab_ap_result,8,detaildiag_a,text,รายละเอียดเพิ่มเติมเกี่ยวกับการวินิจฉัย (Diagnosis) ของตัวอย่าง A,
datathon2024,lab_ap_result,9,diag_b,text,ชื่อของการวินิจฉัย (Diagnosis) ของตัวอย่าง B,
datathon2024,lab_ap_result,10,detaildiag_b,text,รายละเอียดเพิ่มเติมเกี่ยวกับการวินิจฉัย (Diagnosis) ของตัวอย่าง B,
datathon2024,lab_ap_result,11,sequence,double,ลำดับที่ของข้อมูล,
datathon2024,lab_ap_result,12,gross,text,รายละเอียดเพิ่มเติมเกี่ยวกับผลการทดสอบ,
datathon2024,lab_bloodgas,1,patient_id,text,รหัสผู้ป่วย,
datathon2024,lab_bloodgas,2,admit_id,text,รหัส admit,
datathon2024,lab_bloodgas,3,date_lab,text,วันที่ต้องการให้ทำจริง,
datathon2024,lab_bloodgas,4,time_lab,text,เวลาที่ต้องการให้ทำจริง,
datathon2024,lab_bloodgas,5,date_rq,text,วันที่ส่งคำสั่งตรวจ,
datathon2024,lab_bloodgas,6,date_rp,text,วันที่รายงานผล,
datathon2024,lab_bloodgas,7,time_rp,text,เวลาที่รายงานผล,
datathon2024,lab_bloodgas,8,respmode,text,setting เครื่องช่วยหายใจ,
datathon2024,lab_bloodgas,9,pH,text,pH,
datathon2024,lab_bloodgas,10,CO2,text,pCO2,
datathon2024,lab_bloodgas,11,O2,text,pO2,
datathon2024,lab_bloodgas,12,HCO3,text,HCO3,
datathon2024,lab_bloodgas,13,tCO2,text,tCO2,
datathon2024,lab_bloodgas,14,base_excess,text,Base excess,
datathon2024,lab_bloodgas,15,O2sat,text,Blood oxygen saturation,
datathon2024,lab_bloodgas,16,K,text,Serum K,
datathon2024,lab_bloodgas,17,Na,text,Serum Na,
datathon2024,lab_bloodgas,18,Ca,text,Serum Calcium,
datathon2024,lab_bloodgas,19,Cl,text,Serum Chloride,
datathon2024,lab_bloodgas,20,lactate,text,Serum Lactate,
datathon2024,lab_bloodpay,1,patient_id,text,รหัสผู้ป่วย,
datathon2024,lab_bloodpay,2,admit_id,text,รหัส admit,
datathon2024,lab_bloodpay,3,pay_date,text,วันที่บันทึกจ่าย,
datathon2024,lab_bloodpay,4,pay_time,text,เวลาที่บันทึกจ่าย,
datathon2024,lab_bloodpay,5,type_blo,text,ชนิดเลือด,
datathon2024,lab_bloodpay,6,grp_blo,text,กรุ๊ฟเลือด,
datathon2024,lab_bloodpay,7,rh_blo,text,Rh เลือด,
datathon2024,lab_bloodpay,8,amt_blo,double,จำนวนที่ให้,
datathon2024,lab_bloodpay,9,c_ward,text,รหัสหอผู้ป่วย,
datathon2024,lab_culture,1,patient_id,text,รหัสผู้ป่วย,
datathon2024,lab_culture,2,labid,text,รหัส lab,
datathon2024,lab_culture,3,date_rq,text,วันที่ส่งคำสั่งทำ lab,
datathon2024,lab_culture,4,date_log,text,วันที่สั่งทำ lab,
datathon2024,lab_culture,5,date_lab,text,วันที่ทำ lab จริง,
datathon2024,lab_culture,6,date_rp,text,วันที่รายงานผล lab,
datathon2024,lab_culture,7,rqfrom,text,หน่วยงานที่สั่ง,
datathon2024,lab_culture,8,testcode,text,รหัสการทดสอบ,
datathon2024,lab_culture,9,te_name,text,ชื่อการทดสอบ,
datathon2024,lab_culture,10,specimen,text,ประเภทสิ่งส่งตรวจ,
datathon2024,lab_culture,11,orgname,text,กระบวนการเกิดเชื้อ,
datathon2024,lab_culture,12,date_receive,text,วันที่รับสิ่งส่งตรวจ,
datathon2024,lab_culture,13,mbdrug,text,ยา,
datathon2024,lab_culture,14,value,text,ผลการ Sentivity ของเชื้อ,
datathon2024,lab_fastingbloodsugar,1,patient_id,text,รหัสผู้ป่วย,
datathon2024,lab_fastingbloodsugar,2,admit_id,text,รหัส admit,
datathon2024,lab_fastingbloodsugar,3,sdate,text,วันที่บันทึก,
datathon2024,lab_fastingbloodsugar,4,stime,text,เวลาที่ี่บันทึก,
datathon2024,lab_fastingbloodsugar,5,dtx,text,DTX,
datathon2024,lab_fastingbloodsugar,6,hct,double,Hematocrit,
datathon2024,lab_fastingbloodsugar,7,osat,text,Oxygen saturation,
datathon2024,lab_fastingbloodsugar,8,urine_spec,double,Urine specific gravity,
datathon2024,lab_fastingbloodsugar,9,cvp,double,Central venous pressure,
datathon2024,lab_fastingbloodsugar,10,icp,text,Intracranital pressure,
datathon2024,lab_result,1,patient_id,text,รหัสผู้ป่วย,
datathon2024,lab_result,2,date_rq,text,วันที่ส่งคำสั่งทำ lab,
datathon2024,lab_result,3,time_rq,text,เวลาที่ส่งคำสั่งทำ lab,
datathon2024,lab_result,4,date_rp,text,วันที่รายงานผล,
datathon2024,lab_result,5,unit,text,ประเภทของ lab,
datathon2024,lab_result,6,ward,text,clinic/ward ที่สั่งทำ lab,
datathon2024,lab_result,7,BUN,double,Blood urea nitrogen,
datathon2024,lab_result,8,CREAT,double,Creatinine,
datathon2024,lab_result,9,EGFR_ep,double,eGFR (EP),
datathon2024,lab_result,10,EGFR_md,double,eGFR (MD),
datathon2024,lab_result,11,Na,double,Na,
datathon2024,lab_result,12,K,double,K,
datathon2024,lab_result,13,Cl,double,Cl,
datathon2024,lab_result,14,CO2,double,CO2,
datathon2024,lab_result,15,D_bili,double,Direct bilirubin,
datathon2024,lab_result,16,T_bili,double,Total bilirubin,
datathon2024,lab_result,17,ALP,double,ALP,
datathon2024,lab_result,18,AST,double,AST,
datathon2024,lab_result,19,ALT,double,ALT,
datathon2024,lab_result,20,Albumin,double,Albumin,
datathon2024,lab_result,21,CHOL,double,Cholesterol,
datathon2024,lab_result,22,LDL,double,LDL,
datathon2024,lab_result,23,HbA1C,double,HbA1c,
datathon2024,lab_result,24,WBC,double,WBC (10^3),
datathon2024,lab_result,25,Hb,double,Hemoglobin,
datathon2024,lab_result,26,Hct,double,Hematocrit,
datathon2024,lab_result,27,RBC,double,RBC count (10^6),
datathon2024,lab_result,28,MCV,double,MCV,
datathon2024,lab_result,29,MCH,double,MCH,
datathon2024,lab_result,30,MCHC,double,MCHC,
datathon2024,lab_result,31,PLT,double,Platelet (10^3),
datathon2024,lab_result,32,RDW,double,Red cell distribution width,
datathon2024,lab_result,33,MPV,double,MPV,
datathon2024,lab_result,34,PMN,double,PMN,
datathon2024,lab_result,35,Eos,double,Eosinophil,
datathon2024,lab_result,36,Baso,double,Basophil,
datathon2024,lab_result,37,Lymp,double,Lymphocyte,
datathon2024,lab_result,38,Mono,double,Monocyte,
datathon2024,lab_result,39,Band,double,Band,
datathon2024,lab_result_raw,1,patient_id,text,รหัสผู้ป่วย,
datathon2024,lab_result_raw,2,date_rq,text,วันที่ส่งคำสั่งทำ lab,
datathon2024,lab_result_raw,3,time_rq,text,เวลาที่ส่งคำสั่งทำ lab,
datathon2024,lab_result_raw,4,date_rp,text,วันที่รายงานผล,
datathon2024,lab_result_raw,5,unit,text,ประเภทของ lab,
datathon2024,lab_result_raw,6,ward,text,clinic/ward ที่สั่งทำ lab,
datathon2024,lab_result_raw,7,lablines,text,ผล lab,
datathon2024,lookup_clinic,1,c_unit,text,รหัสคลินิก,
datathon2024,lookup_clinic,2,u_name,text,ชื่อคลินิก,
datathon2024,lookup_clinic,3,dep_name,text,ชื่อหน่วยงาน,
datathon2024,lookup_icd10_icd9,1,id,text,รหัส ICD10 และ ICD9CM,
datathon2024,lookup_icd10_icd9,2,description,text,ชื่อโรคหรือหัตถการ,
datathon2024,lookup_icd10_icd9,3,descthai,text,ชื่อโรคภาษาไทย,
datathon2024,lookup_ward,1,c_ward,text,รหัส ward,
datathon2024,lookup_ward,2,n_ward,text,ชื่อ ward,
datathon2024,lookup_ward,3,c_unit,text,รหัส ward 3 ตัว,
datathon2024,lookup_ward,4,dep_name,text,ชื่อหน่วยงาน,
datathon2024,medrec,1,patient_id,text,รหัสผู้ป่วย,
datathon2024,medrec,2,gender,text,เพศ,"1 = ชาย, 2 = หญิง"
datathon2024,medrec,3,nationality,text,เชื้อชาติ,
datathon2024,medrec,4,religion,text,ศาสนา,
datathon2024,medrec,5,birth_date,text,วันเกิด,
datathon2024,opd_appoint,1,patient_id,text,รหัสผู้ป่วย,
datathon2024,opd_appoint,2,date_ap,text,วันที่นัดมาตรวจ,
datathon2024,opd_appoint,3,time_ap,text,เวลาที่นัดมาตรวจ,
datathon2024,opd_appoint,4,code_ap,text,คลินิกที่นัดมาตรวจ,
datathon2024,opd_appoint,5,date_reg,text,วันที่คีย์ข้อมูลนัด,
datathon2024,opd_appoint,6,code_reg,text,คลินิกที่คีย์ข้อมูลนัด,
datathon2024,opd_appsit,1,patient_id,text,รหัสผู้ป่วย,
datathon2024,opd_appsit,2,date_cl,text,วันที่มา OPD,
datathon2024,opd_appsit,3,code_cl,text,รหัสคลินิก,
datathon2024,opd_appsit,4,gname,text,ชื่อกรุ๊ปสิทธิ์ (ที่แจ้งพยาบาล),
datathon2024,opd_appsit,5,sname,text,ชื่อสิทธิ์ (ที่ระบบตรวจสอบได้),
datathon2024,opd_doctnote,1,patient_id,text,รหัสผู้ป่วย,
datathon2024,opd_doctnote,2,date_cl,text,วันที่มา OPD,
datathon2024,opd_doctnote,3,code_cl,text,รหัสคลินิก,
datathon2024,opd_doctnote,4,history,text,แพทย์ซักประวัติ,
datathon2024,opd_er,1,patient_id,text,รหัสผู้ป่วย,
datathon2024,opd_er,2,date_regis,text,วันที่ลงทะเบียน,
datathon2024,opd_er,3,date_time_inbound,text,วันและเวลาที่ผู้ป่วยเข้า ER,
datathon2024,opd_er,4,code_cl,text,รหัสคลินิก,
datathon2024,opd_er,5,zone_name,text,ชื่อโซนสีที่รับเข้า ER,
datathon2024,opd_er,6,name_inbound,text,ชื่อสถานะรับเข้า ER,
datathon2024,opd_er,7,name_outbound,text,ชื่อสถานะจำหน่ายจาก ER,
datathon2024,opd_er,8,date_time_outbound,text,วันและเวลา ที่จำหน่ายจาก ER,
datathon2024,opd_er_type,1,patient_id,text,รหัสผู้ป่วย,
datathon2024,opd_er_type,2,date_regis,text,วันที่ลงทะเบียน,
datathon2024,opd_er_type,3,code_cl,text,รหัสคลินิก,
datathon2024,opd_er_type,4,er_status,text,ชื่อโซนสีที่รับเข้า ER,"01 = สีแดง, 02 = สีสืม, 03 = สีเหลือง, 04 = สีเขียว, 05 = สีขาว"
datathon2024,opd_er_type,5,indate,text,วันที่บันทึกข้อมูล,
datathon2024,opd_er_type,6,intime,text,เวลาที่บันทึกข้อมูล,
datathon2024,opd_er_type,7,er_exce,text,ประเมินอุบัติเหตุ,"01 = ไม่ใช่ผู้ป่วยอุบัติเหตุ, 02 = ผู้ป่วยอุบัติเหตุจากรถ, 03 = ผู้ป่วยอุบัติเหตุอื่น ๆ ไม่ใช่รถ"
datathon2024,opd_er_type,8,triage,text,ค่า Triage Level (โดยพยาบาลฉุกเฉิน),"1 = ESI1, 2 = ESI2, 3 = ESI3, 4 = ESI4, 5 = ESI5"
datathon2024,opd_icd10,1,patient_id,text,รหัสผู้ป่วย,
datathon2024,opd_icd10,2,date_icd,text,วันที่มา OPD,
datathon2024,opd_icd10,3,icd10,text,รหัสโรค,
datathon2024,opd_icd10,4,code_cl,text,รหัสคลินิก,
datathon2024,opd_vitalsigns,1,patient_id,text,รหัสผู้ป่วย,
datathon2024,opd_vitalsigns,2,date_cl,text,วันที่มา OPD,
datathon2024,opd_vitalsigns,3,code_cl,text,รหัสคลินิค,
datathon2024,opd_vitalsigns,4,bp,text,ความดัน,
datathon2024,opd_vitalsigns,5,weight,text,น้ำหนัก,
datathon2024,opd_vitalsigns,6,height,text,ส่วนสูง,
datathon2024,opd_vitalsigns,7,temp,text,อุณหภูมิ,
datathon2024,opd_vitalsigns,8,pulse,double,ชีพจร,
datathon2024,opd_vitalsigns,9,rr,text,อุัตราการหายใจ,
datathon2024,opd_vitalsigns,10,osat,text,ระดับ Oxygen saturation,
datathon2024,opd_vitalsigns,11,triage,text,ค่า Triage Level (โดยพยาบาลฉุกเฉิน),"1 = ESI1, 2 = ESI2, 3 = ESI3, 4 = ESI4, 5 = ESI5"
datathon2024,opd_vitalsigns,12,pain,text,ค่าความปวด,
datathon2024,opd_vitalsigns,13,oxygen,text,การให้ออกซิเจน,"Y = ให้ออกซิเจน,N หรือ ว่าง ไม่ให้ออกซิเจน (Any Supplemental Oxygen)"
datathon2024,opd_vitalsigns,14,conscious,text,ค่า Conscious,"A = Alert , V = Response to voice , P = Response , U = Unconscious"
datathon2024,opd_vitalsigns,15,waist,text,รอบเอว,
datathon2024,opd_vitalsigns,16,hips,text,รอบสะโพก,
datathon2024,opd_vitalsigns,17,neck,text,รอบคอ,
datathon2024,opd_vitalsigns,18,er_status,text,ชื่อโซนสีที่รับเข้า ER,"01 = สีแดง, 02 = สีสืม, 03 = สีเหลือง, 04 = สีเขียว, 05 = สีขาว"
datathon2024,opd_vitalsigns,19,er_exce,text,ประเมินอุบัติเหตุ,"01 = ไม่ใช่ผู้ป่วยอุบัติเหตุ, 02 = ผู้ป่วยอุบัติเหตุจากรถ, 03 = ผู้ป่วยอุบัติเหตุอื่น ๆ ไม่ใช่รถ"
datathon2024,operative_note,1,patient_id,text,รหัสผู้ป่วย,
datathon2024,operative_note,2,admit_id,text,รหัส admit,
datathon2024,operative_note,3,ordate,text,วันที่เข้าผ่าตัด,
datathon2024,operative_note,4,sname,text,ชื่อ Specialty,
datathon2024,operative_note,5,or_case,text,ประเภทของเคสผ่าตัด,
datathon2024,operative_note,6,preoper,text,วิธีการผ่าตัดก่อนผ่าตัด,
datathon2024,operative_note,7,predx,text,การวินิฉัยก่อนผ่าตัด,
datathon2024,operative_note,8,postoper,text,วิธีการผ่าตัดหลังผ่าตัด,
datathon2024,operative_note,9,postdx,text,การวินิฉัยหลังผ่าตัด,
datathon2024,operative_note,10,tanaest,text,วิธีการดมยา,
datathon2024,operative_note,11,doctdate,text,วันที่ลงข้อมูลของแพทย์,
datathon2024,operative_note,12,perdate,text,วันที่ลงข้อมูลของพยาบาลที่บันทึกข้อมูล,
datathon2024,operative_note,13,visit,double,ครั้งที่เข้าผ่าตัดในวันเดียวกัน,
datathon2024,operative_note,14,operkind,text,ประเภทการผ่าตัด,
datathon2024,operative_note,15,position,text,Operative Note (Position),
datathon2024,operative_note,16,insition,text,Operative Note (Insition),
datathon2024,operative_note,17,finding,text,Operative Note (Finding),
datathon2024,radiology,1,patient_id,text,รหัสผู้ป่วย,
datathon2024,radiology,2,recnum,double,record number,
datathon2024,radiology,3,rq_date,text,วันที่สั่งการรักษา,
datathon2024,radiology,4,date_ex,text,วันที่ทำรังสีวินิจฉัย,
datathon2024,radiology,5,code_cl,text,รหัสคลินิกที่สั่งทำรังสีวินิจฉัย,
datathon2024,radiology,6,x_type,text,ประเภทการทำรังสีวินิจฉัย,
datathon2024,radiology,7,part_exam,text,ส่วนของร่างการที่ทำรังสีวินิจฉัย,
datathon2024,radiology,8,xsize,text,ด้านที่ทำการฉายรังสี (ซ้าย หรือ ขวา),
datathon2024,radiology,9,status,text,สถานะของการฉายรังสี,"T = รายงานผลโดยแพทย์แล้ว (Temporary Report), 1 = รายงานผลโดยอาจารย์แพทย์แล้ว"
datathon2024,radiology,10,result,text,ผลรังสีวินิจฉัย,
datathon2024,radiotherapy,1,patient_id,text,รหัสผู้ป่วย,
datathon2024,radiotherapy,2,planningnumber,double,Running number,
datathon2024,radiotherapy,3,staging,text,ระยะของมะเร็ง,
datathon2024,radiotherapy,4,performance,text,ค่า Performance,
datathon2024,radiotherapy,5,aim,text,เป้าหมายการรักษา,"curative (รักษาโรค), adjunctive (เสริมการรักษาอื่น), palliative (ประคับประคอง)"
datathon2024,radiotherapy,6,diag,text,ผลวินิจฉัยมะเร็ง,
datathon2024,radiotherapy,7,pathology,text,ผลชิ้นเนื้อของมะเร็ง,
datathon2024,radiotherapy,8,rt_site,text,ส่วนของร่างการที่ทำรังสีรักษา,
datathon2024,radiotherapy,9,rt_condition,text,Condition ของผู้ป่วย,
datathon2024,radiotherapy,10,rt_dose,double,ปริมาณรังสีที่ฉายรวม,
datathon2024,radiotherapy,11,icr_dose,double,ปริมาณการใส่แร่รวม,
datathon2024,radiotherapy,12,complete,text,สถานะการทำรังสีรักษา,"Y (การทำรังสีรักษาเสร็จสิ้น), N (ทำรังสีรักษายังไม่เสร็จสิ้น)"
datathon2024,radiotherapy,13,date_start,text,วันที่เริ่มทำรังสีรักษา,
datathon2024,radiotherapy,14,date_end,text,วันที่เสร็จสิ้นการทำรังสีรักษา,
datathon2024,radiotherapy_dayview,1,planningnumber,double,Running number,
datathon2024,radiotherapy_dayview,2,rtdate,text,วันที่ทำการฉายรังสี,
datathon2024,radiotherapy_dayview,3,rtroom,text,ห้องที่ฉายรังสี,
datathon2024,radiotherapy_dayview,4,rtdose,double,ปริมาณรังสีที่ฉาย,